<keymap version="1" name="Default for XWin copy" parent="Default for XWin">
  <action id="ActivateProjectToolWindow">
    <keyboard-shortcut first-keystroke="alt ampersand" />
  </action>
  <action id="ActivateRunToolWindow">
    <keyboard-shortcut first-keystroke="alt 4" />
    <keyboard-shortcut first-keystroke="alt quote" />
  </action>
  <action id="ActivateTODOToolWindow">
    <keyboard-shortcut first-keystroke="alt 6" />
    <keyboard-shortcut first-keystroke="alt minus" />
  </action>
  <action id="Android.RunAndroidAvdManager">
    <keyboard-shortcut first-keystroke="altGraph e" />
  </action>
  <action id="CommentByBlockComment">
    <keyboard-shortcut first-keystroke="shift ctrl divide" />
    <keyboard-shortcut first-keystroke="shift ctrl colon" />
  </action>
  <action id="CommentByLineComment">
    <keyboard-shortcut first-keystroke="ctrl colon" />
  </action>
</keymap>